{"mel_mean": -5.619422435760498, "mel_std": 2.6826703548431396}