{"mel_mean": -5.3936967849731445, "mel_std": 2.6362507343292236}